"chr","start","end","signal","gc","gene_density"
"chr1",1,1e+06,21.1106772848812,0.488478686364588,1
"chr1",1000001,2e+06,17.5880737379746,0.479019218393158,2
"chr1",2000001,3e+06,19.6555783572795,0.473170415088173,0
"chr1",3000001,4e+06,20.2657238108557,0.512280220272128,0
"chr1",4000001,5e+06,19.7365979883007,0.520973285759291,4
"chr1",5000001,6e+06,18.5027263379189,0.548718857416288,2
"chr1",6000001,7e+06,21.3881259826576,0.530232497470511,1
"chr1",7000001,8e+06,17.6961916637406,0.523120632290332,0
"chr1",8000001,9e+06,21.3228766113757,0.595549981520469,1
"chr1",9000001,1e+07,16.4534256234413,0.5175144213496,0
"chr1",10000001,1.1e+07,18.3881305852515,0.511312060940667,1
"chr1",11000001,1.2e+07,19.4742405417299,0.524938426259937,1
"chr1",12000001,1.3e+07,11.1866843943758,0.536761328733338,2
"chr1",13000001,1.4e+07,12.4302625227843,0.555003785934486,0
"chr1",14000001,1.5e+07,11.7245059047,0.550120603955073,0
"chr1",15000001,1.6e+07,12.2665382289674,0.536075576101025,0
"chr1",16000001,1.7e+07,9.45010317859207,0.515575958969247,0
"chr1",17000001,1.8e+07,3.77003759591595,0.562741028967595,0
"chr1",18000001,1.9e+07,3.32578448593313,0.554359848351718,0
"chr1",19000001,2e+07,10.0479972844865,0.509603713603274,1
"chr1",20000001,2.1e+07,6.08910534468755,0.540554630093668,0
"chr1",21000001,2.2e+07,2.54230850348566,0.529774178828485,0
"chr1",22000001,2.3e+07,5.28373667830528,0.539314363735154,0
"chr1",23000001,2.4e+07,7.70939534769737,0.511177083459085,0
"chr1",24000001,2.5e+07,8.85981627485908,0.472823840654047,0
"chr1",25000001,2.6e+07,4.13907432838205,0.515063850838293,0
"chr1",26000001,2.7e+07,4.55867116253468,0.470249287209356,0
"chr1",27000001,2.8e+07,15.7612039069685,0.495008841493631,1
"chr1",28000001,2.9e+07,20.5588013020298,0.517004435314664,1
"chr1",29000001,3e+07,18.8392970711367,0.4330952217207,1
"chr1",30000001,3.1e+07,21.6306778872723,0.501153164760708,0
"chr1",31000001,3.2e+07,22.8375196328949,0.489694586319628,0
"chr1",32000001,3.3e+07,24.2992700252368,0.43670595766741,0
"chr1",33000001,3.4e+07,21.8892553599056,0.438070308162513,0
"chr1",34000001,3.5e+07,25.0540017592035,0.422074330459123,0
"chr1",35000001,3.6e+07,21.586906217051,0.420332658975171,1
"chr1",36000001,3.7e+07,24.4487848141135,0.445013980420275,0
"chr1",37000001,3.8e+07,25.3123062299393,0.404590762930652,0
"chr1",38000001,3.9e+07,23.1614635242916,0.419500882725935,0
"chr1",39000001,4e+07,28.9973406892125,0.418543388550612,1
"chr1",40000001,4.1e+07,30.2127149555175,0.418322074154684,2
"chr1",41000001,4.2e+07,29.8767915939342,0.424598872867183,1
"chr1",42000001,4.3e+07,32.8197253791481,0.460042580376991,1
"chr1",43000001,4.4e+07,30.4464332834715,0.409648849399986,0
"chr1",44000001,4.5e+07,29.6395245518388,0.402592537900191,1
"chr1",45000001,4.6e+07,33.5880633275507,0.444513636686595,0
"chr1",46000001,4.7e+07,31.3090223268461,0.43714225331095,0
"chr1",47000001,4.8e+07,35.8881675468099,0.437094936080757,0
"chr1",48000001,4.9e+07,32.062615321137,0.450146580432757,0
"chr1",49000001,5e+07,34.0212495091975,0.404795654049298,0
"chr1",50000001,5.1e+07,33.0015451864524,0.471890500302619,0
"chr1",51000001,5.2e+07,16.308229328693,0.462298103404317,0
"chr1",52000001,5.3e+07,20.4258621316614,0.480733303018527,1
"chr1",53000001,5.4e+07,17.8512475624448,0.448272127273027,0
"chr1",54000001,5.5e+07,15.9429980243257,0.423677921958493,0
"chr1",55000001,5.6e+07,15.4379308912752,0.464229741844542,0
"chr1",56000001,5.7e+07,15.3059856829286,0.460336450217345,0
"chr1",57000001,5.8e+07,13.1499770008663,0.54520272926432,0
"chr1",58000001,5.9e+07,5.9872656227675,0.485804239292188,0
"chr1",59000001,6e+07,11.5468872591615,0.497057227666657,0
"chr1",60000001,6.1e+07,9.26716722640676,0.535054842924515,0
"chr1",61000001,6.2e+07,9.43732641818122,0.5296691011365,0
"chr1",62000001,6.3e+07,9.35549967850542,0.536245862220102,0
"chr1",63000001,6.4e+07,10.1938980328386,0.590034536677842,0
"chr1",64000001,6.5e+07,5.23624401248745,0.53257224256681,1
"chr1",65000001,6.6e+07,8.70048345084624,0.579679200615485,0
"chr1",66000001,6.7e+07,6.29196176325955,0.541381272342413,0
"chr1",67000001,6.8e+07,7.35212244520661,0.500872476694904,0
"chr1",68000001,6.9e+07,6.90842150931016,0.483269261187174,0
"chr1",69000001,7e+07,6.4418248798788,0.556067962235826,1
"chr1",70000001,7.1e+07,2.98954781548652,0.514982201599221,0
"chr1",71000001,7.2e+07,5.11220039340013,0.540410804389311,0
"chr1",72000001,7.3e+07,6.89305058506996,0.582453529575798,0
"chr1",73000001,7.4e+07,4.2218614356723,0.544657294895158,1
"chr1",74000001,7.5e+07,5.6457589793305,0.526060210331937,0
"chr1",75000001,7.6e+07,8.60325743475225,0.481726569721981,0
"chr1",76000001,7.7e+07,9.78034704966614,0.505813409800769,0
"chr1",77000001,7.8e+07,10.0507728856243,0.506862623638618,0
"chr1",78000001,7.9e+07,8.28954290471183,0.533272878152411,1
"chr1",79000001,8e+07,8.83889372355297,0.522722774398885,0
"chr1",80000001,8.1e+07,15.0608195681323,0.50507619433219,0
"chr1",81000001,8.2e+07,13.5474771170571,0.503019011871757,0
"chr1",82000001,8.3e+07,14.1837254151078,0.484867327182263,0
"chr1",83000001,8.4e+07,14.6993761827083,0.486234714705541,1
"chr1",84000001,8.5e+07,13.4269139180403,0.485611939755435,2
"chr1",85000001,8.6e+07,17.8362314845364,0.483404652482805,1
"chr1",86000001,8.7e+07,16.8806566488756,0.511318485072941,0
"chr1",87000001,8.8e+07,17.5438378351335,0.431456554830733,0
"chr1",88000001,8.9e+07,20.2500647681868,0.49001250862744,0
"chr1",89000001,9e+07,20.3708876969731,0.464146544850248,1
"chr1",90000001,9.1e+07,21.7184842417326,0.403344494446763,0
"chr1",91000001,9.2e+07,18.0475388298124,0.430139430310243,1
"chr1",92000001,9.3e+07,20.2236069384905,0.416949448267307,0
"chr1",93000001,9.4e+07,21.4871101124184,0.405558983301149,0
"chr1",94000001,9.5e+07,16.1286889033212,0.387268216832726,0
"chr1",95000001,9.6e+07,16.1446819258747,0.410863703349715,0
"chr1",96000001,9.7e+07,14.9992739051473,0.410533442821644,1
"chr1",97000001,9.8e+07,13.633586882095,0.412252512582591,0
"chr1",98000001,9.9e+07,15.9085032217534,0.368472747134053,0
"chr1",99000001,1e+08,16.1750992657682,0.431437581330094,0
"chr1",100000001,1.01e+08,16.3323286011384,0.440193274029532,1
"chr1",101000001,1.02e+08,15.0422783674849,0.443131094224688,1
"chr1",102000001,1.03e+08,9.94932587681324,0.445212234455983,0
"chr1",103000001,1.04e+08,14.6565756167732,0.434176754282803,0
"chr1",104000001,1.05e+08,8.65112996582891,0.469720180017748,0
"chr1",105000001,1.06e+08,9.26182852362144,0.415526884256944,1
"chr1",106000001,1.07e+08,7.3324986966082,0.411724909214606,0
"chr1",107000001,1.08e+08,7.1364072755841,0.456251572919338,0
"chr1",108000001,1.09e+08,7.05569375505586,0.464638878141722,0
"chr1",109000001,1.1e+08,6.32423068229742,0.441093381059382,0
"chr1",110000001,1.11e+08,5.56281535900441,0.467059127056728,0
"chr1",111000001,1.12e+08,5.48636301272717,0.480785282475596,2
"chr1",112000001,1.13e+08,4.09367326325241,0.488843009931636,1
"chr1",113000001,1.14e+08,3.99173502498459,0.507921591527678,0
"chr1",114000001,1.15e+08,1.75620758274068,0.515924856229087,1
"chr1",115000001,1.16e+08,4.53299170102186,0.438297171694242,1
"chr1",116000001,1.17e+08,4.62816205238984,0.548409872795128,1
"chr1",117000001,1.18e+08,11.5423490299792,0.522491836041444,1
"chr1",118000001,1.19e+08,4.01885681021883,0.502331054648782,0
"chr1",119000001,1.2e+08,7.72922551389502,0.493771482020174,0
"chr2",1,1e+06,14.8982596059342,0.548797217950434,0
"chr2",1000001,2e+06,14.345157700748,0.538337109574342,1
"chr2",2000001,3e+06,16.8282585939402,0.56043274555212,0
"chr2",3000001,4e+06,13.7851130070364,0.534658821021414,0
"chr2",4000001,5e+06,14.8973045277183,0.5320722510544,0
"chr2",5000001,6e+06,13.1078880337489,0.595472005358899,2
"chr2",6000001,7e+06,11.7604968435201,0.489079809692486,0
"chr2",7000001,8e+06,7.94179288664914,0.549555960411784,0
"chr2",8000001,9e+06,8.5451415321073,0.548469593241688,1
"chr2",9000001,1e+07,10.3776419036601,0.548157023627729,0
"chr2",10000001,1.1e+07,10.2181896265726,0.548778211385356,0
"chr2",11000001,1.2e+07,7.22096363597722,0.524873432503645,1
"chr2",12000001,1.3e+07,7.4078963611568,0.557261051139777,2
"chr2",13000001,1.4e+07,8.94816181960443,0.462473911428678,0
"chr2",14000001,1.5e+07,8.98463685739804,0.498878113923063,1
"chr2",15000001,1.6e+07,3.43334385301288,0.510743885421609,0
"chr2",16000001,1.7e+07,5.04540682885182,0.512092234811694,0
"chr2",17000001,1.8e+07,7.47242615416855,0.512117677015249,1
"chr2",18000001,1.9e+07,4.06055343046184,0.511612270433792,1
"chr2",19000001,2e+07,4.96827095819455,0.451396161469686,1
"chr2",20000001,2.1e+07,5.11531548088385,0.482668856970846,1
"chr2",21000001,2.2e+07,3.86324855655442,0.488918731936237,0
"chr2",22000001,2.3e+07,5.22991881328742,0.50236198701374,1
"chr2",23000001,2.4e+07,6.66088788261338,0.459886607639282,1
"chr2",24000001,2.5e+07,6.60010726032144,0.496439791136904,0
"chr2",25000001,2.6e+07,10.4558350280333,0.443448410297507,1
"chr2",26000001,2.7e+07,8.14512242741206,0.443628705992353,1
"chr2",27000001,2.8e+07,9.17775344740606,0.443704241068027,0
"chr2",28000001,2.9e+07,12.4146487283019,0.42245913517221,0
"chr2",29000001,3e+07,9.90496600453064,0.448791616029928,0
"chr2",30000001,3.1e+07,12.9327244679899,0.393728631569379,0
"chr2",31000001,3.2e+07,10.8867891794897,0.424361418371701,0
"chr2",32000001,3.3e+07,17.2594345738993,0.408802586743738,0
"chr2",33000001,3.4e+07,15.2534263523689,0.407164363879885,1
"chr2",34000001,3.5e+07,15.663215541687,0.448882003369959,0
"chr2",35000001,3.6e+07,14.8268942517766,0.446394818663586,0
"chr2",36000001,3.7e+07,17.88431887007,0.460772325065311,0
"chr2",37000001,3.8e+07,16.7755222847741,0.415688922686637,1
"chr2",38000001,3.9e+07,17.6554426158724,0.425267855254231,1
"chr2",39000001,4e+07,21.5071591703886,0.388527246490053,0
"chr2",40000001,4.1e+07,18.6489132828832,0.421121077694215,1
"chr2",41000001,4.2e+07,16.7819429580623,0.479044468248203,0
"chr2",42000001,4.3e+07,19.0363675073279,0.429198488526832,0
"chr2",43000001,4.4e+07,17.6322178247886,0.415622239458071,1
"chr2",44000001,4.5e+07,19.0559343064284,0.451431454737388,0
"chr2",45000001,4.6e+07,20.1392509475394,0.487514955249273,0
"chr2",46000001,4.7e+07,14.5800639287912,0.423163722211755,0
"chr2",47000001,4.8e+07,16.672777326287,0.462742204361077,1
"chr2",48000001,4.9e+07,15.0546255140493,0.487392772056202,0
"chr2",49000001,5e+07,15.7385392153471,0.531797619436089,1
"chr2",50000001,5.1e+07,12.5107549498156,0.473602487708687,0
"chr2",51000001,5.2e+07,13.6466839259946,0.533500529631106,1
"chr2",52000001,5.3e+07,7.48700962942678,0.49102362068105,0
"chr2",53000001,5.4e+07,13.3805543545154,0.482132142386486,0
"chr2",54000001,5.5e+07,10.7964212454872,0.485266623427604,0
"chr2",55000001,5.6e+07,7.89030024600292,0.513400237172188,0
"chr2",56000001,5.7e+07,4.49641011797491,0.52318993271523,0
"chr2",57000001,5.8e+07,7.97684553152034,0.519960792663373,0
"chr2",58000001,5.9e+07,7.06178591438749,0.558029561191514,1
"chr2",59000001,6e+07,5.60755427091263,0.539515244186038,0
"chr2",60000001,6.1e+07,5.57802203353621,0.534508197376124,1
"chr2",61000001,6.2e+07,3.89874643202926,0.523762320418885,0
"chr2",62000001,6.3e+07,5.73768201940556,0.507372576284235,1
"chr2",63000001,6.4e+07,5.66509437206126,0.490999421857175,0
"chr2",64000001,6.5e+07,4.73405441993639,0.544787730115648,1
"chr2",65000001,6.6e+07,2.97354095128456,0.538822456744791,0
"chr2",66000001,6.7e+07,7.53040578809706,0.570333618144759,1
"chr2",67000001,6.8e+07,7.83980985302628,0.540811149332358,0
"chr2",68000001,6.9e+07,5.76865125378606,0.550129780840316,1
"chr2",69000001,7e+07,5.05481324998447,0.527270424275371,0
"chr2",70000001,7.1e+07,23.5331548697193,0.501263742050215,0
"chr2",71000001,7.2e+07,23.3709195435854,0.523924382964065,0
"chr2",72000001,7.3e+07,25.5436789275776,0.519687152924254,1
"chr2",73000001,7.4e+07,23.4474006175533,0.484882068866187,0
"chr2",74000001,7.5e+07,25.1132933532323,0.498410333511434,1
"chr2",75000001,7.6e+07,30.1783946641484,0.542724868477668,0
"chr2",76000001,7.7e+07,29.7487190672179,0.457893241842107,0
"chr2",77000001,7.8e+07,30.9885467818,0.516273386244319,1
"chr2",78000001,7.9e+07,34.2426945807635,0.467142776331585,1
"chr2",79000001,8e+07,31.5725791975734,0.503316398944091,2
"chr2",80000001,8.1e+07,27.9074927723343,0.438790911501928,0
"chr2",81000001,8.2e+07,33.0509265059116,0.452069261478382,0
"chr2",82000001,8.3e+07,35.0699917306741,0.455685945599511,0
"chr2",83000001,8.4e+07,37.0533299744627,0.439667141661957,0
"chr2",84000001,8.5e+07,16.2461634794408,0.453989867691102,1
"chr2",85000001,8.6e+07,16.6211986857836,0.428913246451634,0
"chr2",86000001,8.7e+07,17.2932464101182,0.459448612378493,1
"chr2",87000001,8.8e+07,16.2421550980626,0.430255438699301,0
"chr2",88000001,8.9e+07,16.5747796533454,0.440739664185207,1
"chr2",89000001,9e+07,16.8919953315018,0.391922407331857,0
"chr2",90000001,9.1e+07,14.1495707796198,0.403953982138293,1
"chr2",91000001,9.2e+07,19.8224824492373,0.447238923428033,1
"chr2",92000001,9.3e+07,15.0842400762409,0.433048347410812,0
"chr2",93000001,9.4e+07,13.7621816489302,0.417994432552974,1
"chr2",94000001,9.5e+07,13.9440154763586,0.420458739332345,1
"chr2",95000001,9.6e+07,12.0305735427289,0.444537802290969,1
"chr2",96000001,9.7e+07,10.6954357395159,0.42322711471084,0
"chr2",97000001,9.8e+07,12.9382516304487,0.434484548991107,0
"chr2",98000001,9.9e+07,8.6167404785251,0.395834523431196,1
"chr2",99000001,1e+08,5.60980605216146,0.486236874454681,0
"chr2",100000001,1.01e+08,8.15244340038085,0.46640913648005,1
"chr2",101000001,1.02e+08,5.97628193899468,0.473844215529091,1
"chr2",102000001,1.03e+08,5.04231657959087,0.411510196243789,0
"chr2",103000001,1.04e+08,3.47673805936488,0.464992516455531,0
"chr2",104000001,1.05e+08,6.12694936337649,0.461835547182928,1
"chr3",1,1e+06,11.6431121086334,0.444292636475877,0
"chr3",1000001,2e+06,12.0259728901233,0.503547457230497,0
"chr3",2000001,3e+06,9.54987846681237,0.522808245403689,1
"chr3",3000001,4e+06,7.76594158608196,0.484570203214646,0
"chr3",4000001,5e+06,10.7071915512416,0.498889959485243,0
"chr3",5000001,6e+06,6.8642431628033,0.553321529716906,0
"chr3",6000001,7e+06,8.5982865245949,0.474828461085016,0
"chr3",7000001,8e+06,3.70176051122779,0.539772961160692,1
"chr3",8000001,9e+06,4.69533919707352,0.517902973929253,0
"chr3",9000001,1e+07,4.74134315904581,0.526892524276877,0
"chr3",10000001,1.1e+07,4.28749853606743,0.517908847158866,0
"chr3",11000001,1.2e+07,7.69742661557787,0.563352593051832,0
"chr3",12000001,1.3e+07,5.02768052547572,0.509818173175326,1
"chr3",13000001,1.4e+07,5.77598177956493,0.563409475146449,1
"chr3",14000001,1.5e+07,3.75386317663944,0.575120821152603,0
"chr3",15000001,1.6e+07,4.66085227003774,0.498793489890128,0
"chr3",16000001,1.7e+07,8.71591545789956,0.510799688990903,1
"chr3",17000001,1.8e+07,9.9448082876284,0.552171192716831,0
"chr3",18000001,1.9e+07,10.7267903589171,0.511177391536724,0
"chr3",19000001,2e+07,6.34583401166936,0.514820072347453,0
"chr3",20000001,2.1e+07,14.1440128998803,0.517355049289495,0
"chr3",21000001,2.2e+07,27.0546692347967,0.515659299345482,0
"chr3",22000001,2.3e+07,25.9642679025959,0.537100397782698,0
"chr3",23000001,2.4e+07,28.4213369758889,0.499182086341407,2
"chr3",24000001,2.5e+07,26.0471083658812,0.510817784243108,2
"chr3",25000001,2.6e+07,26.7327829923102,0.520995657055705,1
"chr3",26000001,2.7e+07,29.8988186569922,0.457744861184178,1
"chr3",27000001,2.8e+07,28.201914477916,0.472509131567873,0
"chr3",28000001,2.9e+07,31.6834369048685,0.5046201211452,1
"chr3",29000001,3e+07,34.495254736834,0.467049092796849,1
"chr3",30000001,3.1e+07,30.3083391947479,0.406465434258965,1
"chr3",31000001,3.2e+07,31.2455457673472,0.441902997018853,1
"chr3",32000001,3.3e+07,33.0249365581212,0.477459960648102,0
"chr3",33000001,3.4e+07,30.9647727837152,0.440388577740434,0
"chr3",34000001,3.5e+07,32.1589398065911,0.435288378617113,2
"chr3",35000001,3.6e+07,34.4554645657359,0.43653773634066,0
"chr3",36000001,3.7e+07,34.2967846839847,0.45343736859961,1
"chr3",37000001,3.8e+07,32.6436005405079,0.418991608683338,0
"chr3",38000001,3.9e+07,27.5712957659425,0.43958700664189,1
"chr3",39000001,4e+07,30.4574554773578,0.439081218014589,2
"chr3",40000001,4.1e+07,17.893023159803,0.397026585501648,1
"chr3",41000001,4.2e+07,16.5112194715155,0.4194061379746,1
"chr3",42000001,4.3e+07,13.5657751026095,0.406678411521652,0
"chr3",43000001,4.4e+07,7.5704516105807,0.430481303648693,1
"chr3",44000001,4.5e+07,12.0953790666756,0.383011186151172,0
"chr3",45000001,4.6e+07,12.1246247470673,0.460589140435912,0
"chr3",46000001,4.7e+07,10.0932436713389,0.45786609185427,0
"chr3",47000001,4.8e+07,9.38169036880175,0.405937980163131,0
"chr3",48000001,4.9e+07,9.05498296951195,0.413709786344864,0
"chr3",49000001,5e+07,6.60132490615282,0.411802740663419,1
"chr3",50000001,5.1e+07,9.31078458293949,0.43572066227931,0
"chr3",51000001,5.2e+07,7.03618498650584,0.43173147817998,0
"chr3",52000001,5.3e+07,3.1349249826062,0.452637449909852,1
"chr3",53000001,5.4e+07,8.03826116058243,0.408877302203259,0
"chr3",54000001,5.5e+07,7.47588224674852,0.46595664104603,0
"chr3",55000001,5.6e+07,6.64821648150884,0.468839352224324,1
"chr3",56000001,5.7e+07,1.75052688825104,0.435034953601763,0
"chr3",57000001,5.8e+07,4.15396047941058,0.48861016982356,0
"chr3",58000001,5.9e+07,6.91704189564992,0.48972436125963,0
"chr3",59000001,6e+07,6.2163521663727,0.489122926931854,0
"chr3",60000001,6.1e+07,7.42744121580083,0.50090996473742,0
"chr3",61000001,6.2e+07,12.3604515371297,0.516955255961139,1
"chr3",62000001,6.3e+07,6.60722892519762,0.521753693799533,0
"chr3",63000001,6.4e+07,4.89683747868573,0.5076413125234,0
"chr3",64000001,6.5e+07,10.608486044392,0.552058136529017,1
"chr3",65000001,6.6e+07,9.66326183836186,0.526728371117232,0
"chr3",66000001,6.7e+07,12.9274876544461,0.527997066813897,0
"chr3",67000001,6.8e+07,11.4068647944118,0.558124161995597,0
"chr3",68000001,6.9e+07,18.4309559174589,0.561754098393328,1
"chr3",69000001,7e+07,14.6937573146316,0.521178272804431,0
"chr3",70000001,7.1e+07,14.8609006963013,0.514936617571548,2
"chr3",71000001,7.2e+07,16.2797147054824,0.522354260289965,1
"chr3",72000001,7.3e+07,19.0400631076215,0.510142027758589,1
"chr3",73000001,7.4e+07,18.104032218203,0.493813953069737,0
"chr3",74000001,7.5e+07,15.1321386326219,0.544196962643686,1
"chr3",75000001,7.6e+07,18.7180999403036,0.530195941196087,1
"chr3",76000001,7.7e+07,20.4547358251882,0.546615562908609,0
"chr3",77000001,7.8e+07,19.0778685016669,0.526614999134009,0
"chr3",78000001,7.9e+07,20.3930541002667,0.532414807758306,0
"chr3",79000001,8e+07,18.4119439456407,0.504793254605089,1
"chr3",80000001,8.1e+07,18.2344919914544,0.487742262194672,1
"chr3",81000001,8.2e+07,18.8310060318395,0.525357009596879,3
"chr3",82000001,8.3e+07,19.2486385404063,0.518770992267393,0
"chr3",83000001,8.4e+07,14.0592238850357,0.449995955342255,0
"chr3",84000001,8.5e+07,15.6815630655798,0.508702402616609,0
"chr3",85000001,8.6e+07,14.7267662239698,0.435783531986873,0
"chr3",86000001,8.7e+07,12.4125565424795,0.47232196344482,0
"chr3",87000001,8.8e+07,10.8840574712711,0.457019275364328,1
"chr3",88000001,8.9e+07,10.6942792625513,0.45727828228009,3
"chr3",89000001,9e+07,12.1332272534537,0.481714983127396,1
"chr3",90000001,9.1e+07,9.15203147097724,0.417074790377378,0
"chr3",91000001,9.2e+07,7.48102527969866,0.436353382614458,0
"chr3",92000001,9.3e+07,8.5038430993181,0.50181471315857,0
"chr3",93000001,9.4e+07,4.90767914927534,0.396534374601444,2
"chr3",94000001,9.5e+07,8.77105523852621,0.413910806359088,0
"chr4",1,1e+06,5.13573453900824,0.42525454287303,2
"chr4",1000001,2e+06,6.00582901318585,0.428647539234639,0
"chr4",2000001,3e+06,5.38205861250212,0.408378913545676,1
"chr4",3000001,4e+06,5.06894801455627,0.413842460851313,0
"chr4",4000001,5e+06,8.61877667648018,0.447112574880661,0
"chr4",5000001,6e+06,3.42255401385265,0.415745722735618,1
"chr4",6000001,7e+06,7.578470981814,0.427545441540594,0
"chr4",7000001,8e+06,5.70175296747377,0.432211795125024,2
"chr4",8000001,9e+06,4.44887521244345,0.435569086487396,0
"chr4",9000001,1e+07,6.58225034275683,0.440799310602111,0
"chr4",10000001,1.1e+07,8.92138833246222,0.433581267548259,0
"chr4",11000001,1.2e+07,7.3780255125077,0.418816695120098,0
"chr4",12000001,1.3e+07,7.56294364033311,0.439930943187491,0
"chr4",13000001,1.4e+07,10.3496197261033,0.422632536105586,0
"chr4",14000001,1.5e+07,12.9981172655553,0.454793749070101,0
"chr4",15000001,1.6e+07,11.8707861615281,0.449841887022462,2
"chr4",16000001,1.7e+07,10.2400683111728,0.461926226133164,2
"chr4",17000001,1.8e+07,11.3765270154342,0.443938903014614,1
"chr4",18000001,1.9e+07,13.3883048252721,0.470976720633773,1
"chr4",19000001,2e+07,14.7465015043681,0.457471722659854,1
"chr4",20000001,2.1e+07,16.5560520609483,0.481176758297117,2
"chr4",21000001,2.2e+07,18.6443950497416,0.510954796212507,1
"chr4",22000001,2.3e+07,17.0306088604799,0.510037025572706,0
"chr4",23000001,2.4e+07,16.1483270740517,0.532433680030121,1
"chr4",24000001,2.5e+07,19.9366392655303,0.527752237883562,1
"chr4",25000001,2.6e+07,19.4827226166986,0.523492759981487,0
"chr4",26000001,2.7e+07,21.3146591621969,0.550288884895098,1
"chr4",27000001,2.8e+07,15.5605460074072,0.559202979720169,0
"chr4",28000001,2.9e+07,18.8845919201828,0.497895005187867,0
"chr4",29000001,3e+07,21.0644184439298,0.558000858279208,0
"chr4",30000001,3.1e+07,19.3242548118205,0.557276697435565,1
"chr4",31000001,3.2e+07,15.609301440549,0.562792956077353,1
"chr4",32000001,3.3e+07,18.030505924547,0.517211726630511,2
"chr4",33000001,3.4e+07,14.019622991132,0.600102629022001,2
"chr4",34000001,3.5e+07,13.9780343742327,0.474232175925952,0
"chr4",35000001,3.6e+07,16.3224766080762,0.537740341993476,0
"chr4",36000001,3.7e+07,12.3900206041279,0.538291773942185,0
"chr4",37000001,3.8e+07,13.6305380790042,0.528684518957815,0
"chr4",38000001,3.9e+07,10.3946659345418,0.547565048508601,2
"chr4",39000001,4e+07,6.84891170239288,0.527807659801232,0
"chr4",40000001,4.1e+07,7.36923389455216,0.500542626192185,0
"chr4",41000001,4.2e+07,6.01481249986002,0.550038787497794,0
"chr4",42000001,4.3e+07,6.4258432360189,0.501805080389535,0
"chr4",43000001,4.4e+07,6.01820571341724,0.51842522053836,0
"chr4",44000001,4.5e+07,5.78868240543466,0.4802152708784,0
"chr4",45000001,4.6e+07,5.13377106660571,0.463892563012099,0
"chr4",46000001,4.7e+07,9.05951433101158,0.468627144393043,1
"chr4",47000001,4.8e+07,2.29496769815803,0.450689019529705,0
"chr4",48000001,4.9e+07,4.17041995272951,0.483810301688591,0
"chr4",49000001,5e+07,5.77394874883589,0.425170286766117,1
"chr4",50000001,5.1e+07,8.54945769825235,0.433197993384364,0
"chr4",51000001,5.2e+07,5.8230580524981,0.452303832782539,0
"chr4",52000001,5.3e+07,8.60720956801811,0.403047178310112,0
"chr4",53000001,5.4e+07,3.44230553697081,0.428047502637754,1
"chr4",54000001,5.5e+07,10.3339774901458,0.428264913219692,1
"chr4",55000001,5.6e+07,6.86286923066659,0.465302245857188,1
"chr4",56000001,5.7e+07,22.5703755376363,0.421570478578571,0
"chr4",57000001,5.8e+07,21.8422579797323,0.411926524608604,0
"chr4",58000001,5.9e+07,25.3061941537076,0.406106280103217,2
"chr4",59000001,6e+07,29.6060836519855,0.432252112663156,1
"chr4",60000001,6.1e+07,31.8759609524962,0.412196936831217,0
"chr4",61000001,6.2e+07,25.8531871525518,0.406438084271993,0
"chr4",62000001,6.3e+07,29.9130514785927,0.413629641067907,0
"chr4",63000001,6.4e+07,32.59261518585,0.448573528057497,0
"chr4",64000001,6.5e+07,30.2209240538865,0.463175687223654,0
"chr4",65000001,6.6e+07,30.8785867449562,0.410630316059593,2
"chr4",66000001,6.7e+07,31.2997953387045,0.430606559155051,2
"chr4",67000001,6.8e+07,33.5790375592674,0.425989797213383,0
"chr4",68000001,6.9e+07,21.5222002975881,0.485096355331513,1
"chr4",69000001,7e+07,20.309491012344,0.458507428330477,2
"chr4",70000001,7.1e+07,19.6402627045157,0.404746748771373,0
"chr4",71000001,7.2e+07,18.3191699654833,0.444312873559264,1
"chr4",72000001,7.3e+07,19.7015865707543,0.404056304939841,0
"chr4",73000001,7.4e+07,17.2511928263835,0.46549007467329,0
"chr4",74000001,7.5e+07,17.3077540923559,0.49200276206371,0
"chr4",75000001,7.6e+07,19.4557781530783,0.458699874974906,1
"chr4",76000001,7.7e+07,17.4360410574574,0.455644811427916,0
"chr4",77000001,7.8e+07,16.2305707033233,0.525652395072619,0
"chr4",78000001,7.9e+07,14.3574752757588,0.47651650962878,1
"chr4",79000001,8e+07,15.7924636529112,0.529446867245368,0
"chr4",80000001,8.1e+07,15.6226013639004,0.517894186369033,2
"chr4",81000001,8.2e+07,10.2171996427421,0.539956655706763,0
"chr4",82000001,8.3e+07,11.0705857227579,0.547915630873111,0
"chr4",83000001,8.4e+07,10.0828106097284,0.555742203751094,1
"chr4",84000001,8.5e+07,7.89408944198751,0.561955107779741,0
"chr5",1,1e+06,3.64112928037528,0.541619368842569,1
"chr5",1000001,2e+06,6.11442126304369,0.541039605216975,1
"chr5",2000001,3e+06,8.0308014064158,0.514672253832841,0
"chr5",3000001,4e+06,10.3815295163904,0.509385981840112,0
"chr5",4000001,5e+06,4.41075740473848,0.524965243199261,1
"chr5",5000001,6e+06,7.7022291640952,0.536218046276802,0
"chr5",6000001,7e+06,9.42123107658368,0.513810049957434,3
"chr5",7000001,8e+06,7.69460951386291,0.557447035606426,0
"chr5",8000001,9e+06,10.5166359472879,0.514230812948542,1
"chr5",9000001,1e+07,11.4594178999293,0.539410002359823,0
"chr5",10000001,1.1e+07,12.5447394244657,0.548822489830226,1
"chr5",11000001,1.2e+07,10.5474262771338,0.493090664763513,0
"chr5",12000001,1.3e+07,16.2275548556901,0.543274048628971,0
"chr5",13000001,1.4e+07,15.3350603185219,0.459582869757627,1
"chr5",14000001,1.5e+07,20.3443812954134,0.512231556962372,0
"chr5",15000001,1.6e+07,19.4917548364548,0.53814734789051,0
"chr5",16000001,1.7e+07,15.4690275104118,0.507856582248093,0
"chr5",17000001,1.8e+07,32.919218117785,0.510286357395948,1
"chr5",18000001,1.9e+07,31.7442667107531,0.466931785090365,0
"chr5",19000001,2e+07,34.7765273606364,0.481568960561136,0
"chr5",20000001,2.1e+07,33.031648557361,0.495184551157323,1
"chr5",21000001,2.2e+07,31.5959064907038,0.42786568057694,1
"chr5",22000001,2.3e+07,33.2344887283899,0.479939293144466,0
"chr5",23000001,2.4e+07,32.1811235277386,0.41377645841418,0
"chr5",24000001,2.5e+07,30.9451719285783,0.431033855769128,0
"chr5",25000001,2.6e+07,34.6052301939621,0.504016741000499,0
"chr5",26000001,2.7e+07,28.7047049584919,0.446671359471293,0
"chr5",27000001,2.8e+07,27.9432554507242,0.427659033394474,0
"chr5",28000001,2.9e+07,24.855534202783,0.451042159217805,0
"chr5",29000001,3e+07,26.8892577811178,0.4177796188689,0
"chr5",30000001,3.1e+07,27.7541584000147,0.437414068022884,2
"chr5",31000001,3.2e+07,20.8343456502417,0.411964902851493,1
"chr5",32000001,3.3e+07,9.50150627174266,0.361142937523929,1
"chr5",33000001,3.4e+07,6.70356443514336,0.432016698345279,1
"chr5",34000001,3.5e+07,11.0757267538082,0.408340884938467,0
"chr5",35000001,3.6e+07,10.110215456011,0.408434785840529,0
"chr5",36000001,3.7e+07,7.35983382611769,0.425222478864649,0
"chr5",37000001,3.8e+07,8.95407434755841,0.461720770950534,0
"chr5",38000001,3.9e+07,3.88562982199804,0.439212363304078,1
"chr5",39000001,4e+07,7.17641369775513,0.457133458179197,1
"chr5",40000001,4.1e+07,3.8969413554624,0.456619907388299,1
"chr5",41000001,4.2e+07,5.64198359919633,0.448720077527162,0
"chr5",42000001,4.3e+07,4.47699365929241,0.468662057047713,1
"chr5",43000001,4.4e+07,4.7354870000354,0.454476797171699,0
"chr5",44000001,4.5e+07,6.73824457772993,0.433024702448954,0
"chr5",45000001,4.6e+07,3.52126584392724,0.479465344000568,0
"chr5",46000001,4.7e+07,6.2295876783933,0.420459853924875,0
"chr5",47000001,4.8e+07,7.78327918682471,0.459412700064073,1
"chr5",48000001,4.9e+07,7.43705461650194,0.489191960488646,0
"chr5",49000001,5e+07,9.33255659021546,0.493142348948078,0
"chr5",50000001,5.1e+07,9.42333392606316,0.492921489867504,2
"chr5",51000001,5.2e+07,14.2751433926155,0.534125526650154,1
"chr5",52000001,5.3e+07,13.4637827514996,0.488287907537353,1
"chr5",53000001,5.4e+07,18.9633649816595,0.454872663875225,0
"chr5",54000001,5.5e+07,12.4166897476702,0.544414590728911,1
"chr5",55000001,5.6e+07,16.5699010871463,0.5301666713137,1
"chr5",56000001,5.7e+07,20.0116333286221,0.529857768991869,1
"chr5",57000001,5.8e+07,17.2141977987608,0.52567199881488,0
"chr5",58000001,5.9e+07,15.1487860566902,0.495476331511006,2
"chr5",59000001,6e+07,15.8967062441908,0.515321407558855,1
"chr5",60000001,6.1e+07,18.3125429812093,0.552582711048064,2
"chr5",61000001,6.2e+07,21.3455901976634,0.540387386932151,1
"chr5",62000001,6.3e+07,20.4350524631575,0.503724896182789,1
"chr5",63000001,6.4e+07,14.723150020697,0.552702541197087,1
"chr5",64000001,6.5e+07,17.5222015993046,0.555246112754077,1
"chr5",65000001,6.6e+07,18.6867762490525,0.529373626497729,2
"chr5",66000001,6.7e+07,15.4339996877274,0.52883218537089,2
"chr5",67000001,6.8e+07,19.2553263926202,0.560365455308857,1
"chr5",68000001,6.9e+07,12.3400803164818,0.530346336191627,1
"chr5",69000001,7e+07,16.8385944091807,0.545811488510758,0
"chr5",70000001,7.1e+07,14.9660938770169,0.508591387088654,2
"chr5",71000001,7.2e+07,13.8863624152417,0.54074270513188,1
"chr5",72000001,7.3e+07,13.3631029450373,0.495607629657091,1
"chr5",73000001,7.4e+07,13.5823658025651,0.513971827266645,0
"chr5",74000001,7.5e+07,12.7483963263709,0.475801029941073,0
"chr6",1,1e+06,10.5697161531257,0.450833295407578,1
"chr6",1000001,2e+06,8.16780197019133,0.496163990102703,1
"chr6",2000001,3e+06,10.1356628216484,0.521998952183891,0
"chr6",3000001,4e+06,11.0505632762401,0.450116819629788,0
"chr6",4000001,5e+06,16.4488223692118,0.488918169603055,2
"chr6",5000001,6e+06,15.3134877913745,0.440549933739557,0
"chr6",6000001,7e+06,17.1382594058675,0.464249367843041,0
"chr6",7000001,8e+06,14.1855438658374,0.411600615453821,1
"chr6",8000001,9e+06,16.828666924232,0.438928514604128,1
"chr6",9000001,1e+07,19.5009905870244,0.409244299782582,1
"chr6",10000001,1.1e+07,18.3657750289334,0.391468670353056,1
"chr6",11000001,1.2e+07,18.7015367068141,0.439257689076568,1
"chr6",12000001,1.3e+07,18.8558420791547,0.461438291039009,0
"chr6",13000001,1.4e+07,21.3473273402163,0.400524705982234,0
"chr6",14000001,1.5e+07,17.4801599407937,0.397917786785333,0
"chr6",15000001,1.6e+07,19.7099475726739,0.39371893158171,1
"chr6",16000001,1.7e+07,19.6731064215288,0.410328799951956,0
"chr6",17000001,1.8e+07,14.8957712850354,0.440392025087069,1
"chr6",18000001,1.9e+07,16.8079666506482,0.444218800027611,2
"chr6",19000001,2e+07,15.7410333588656,0.44081008181186,0
"chr6",20000001,2.1e+07,16.9431108353198,0.452668942597913,0
"chr6",21000001,2.2e+07,15.7769577862573,0.426471624715882,1
"chr6",22000001,2.3e+07,12.965398694349,0.438905721521234,2
"chr6",23000001,2.4e+07,12.2454648939008,0.46575818735943,3
"chr6",24000001,2.5e+07,9.53681426221391,0.44753691235131,0
"chr6",25000001,2.6e+07,9.60538785178626,0.436718736387678,1
"chr6",26000001,2.7e+07,7.00844767635345,0.43273829751172,0
"chr6",27000001,2.8e+07,6.25794043206918,0.541197581817021,0
"chr6",28000001,2.9e+07,4.95279820041506,0.437920387799609,0
"chr6",29000001,3e+07,8.36324353932606,0.487796432015975,0
"chr6",30000001,3.1e+07,8.32534178374876,0.541984511388888,1
"chr6",31000001,3.2e+07,4.79437581790122,0.520959504874991,0
"chr6",32000001,3.3e+07,3.0171554517977,0.501536227037753,0
"chr6",33000001,3.4e+07,4.89110170917477,0.525328514329642,0
"chr6",34000001,3.5e+07,9.48387594077032,0.56204999320448,0
"chr6",35000001,3.6e+07,9.15841203412321,0.527136009624725,0
"chr6",36000001,3.7e+07,1.85297249317863,0.512614492614034,1
"chr6",37000001,3.8e+07,4.9322009488261,0.567007672678077,1
"chr6",38000001,3.9e+07,9.19546913554158,0.580678444153998,0
"chr6",39000001,4e+07,6.65492841525775,0.511917585348438,0
"chr6",40000001,4.1e+07,10.6360909240417,0.556381025139214,0
"chr6",41000001,4.2e+07,7.57681878737719,0.542806041309029,0
"chr6",42000001,4.3e+07,10.3332095563748,0.557538939566108,4
"chr6",43000001,4.4e+07,24.5095779780317,0.552850947439188,0
"chr6",44000001,4.5e+07,31.4965945118088,0.538120193359876,1
"chr6",45000001,4.6e+07,27.8763106820674,0.547815696163535,3
"chr6",46000001,4.7e+07,24.6185561035612,0.50412135872985,1
"chr6",47000001,4.8e+07,26.7990826184621,0.496128503159727,1
"chr6",48000001,4.9e+07,29.6816398270306,0.545480229835142,0
"chr6",49000001,5e+07,26.0135704150022,0.525249545756164,1
"chr6",50000001,5.1e+07,27.0034177985291,0.514913854393137,3
"chr6",51000001,5.2e+07,29.0712911276582,0.470937430470877,1
"chr6",52000001,5.3e+07,17.2134920346791,0.492830730195604,2
"chr6",53000001,5.4e+07,20.8611764083085,0.505768927356412,1
"chr6",54000001,5.5e+07,18.178946346252,0.482442798014449,0
"chr6",55000001,5.6e+07,19.2590129209805,0.490089971514284,0
"chr6",56000001,5.7e+07,18.8706728564157,0.491037924927444,0
"chr6",57000001,5.8e+07,17.5124356229876,0.471318109789939,1
"chr6",58000001,5.9e+07,21.4292837371404,0.478850330472107,0
"chr6",59000001,6e+07,16.1572402860503,0.455634751520383,1
"chr6",60000001,6.1e+07,17.4094000625366,0.447528955481331,0
"chr6",61000001,6.2e+07,16.5670951056343,0.443213838621575,2
"chr6",62000001,6.3e+07,17.6162721201133,0.459992742349714,2
"chr6",63000001,6.4e+07,18.9630072397934,0.459444983172209,0
"chr6",64000001,6.5e+07,15.896319638703,0.492709777060243,1
