"chr","start","end","gene","strand","target"
"chr1",706395,1206395,"DEMO1_1","+",FALSE
"chr1",894013,1394013,"DEMO1_2","+",FALSE
"chr1",1747912,2247912,"DEMO1_3","-",FALSE
"chr1",4256176,4756176,"DEMO1_4","-",FALSE
"chr1",4378110,4878110,"DEMO1_5","-",FALSE
"chr1",4517671,5017671,"DEMO1_6","-",FALSE
"chr1",4529076,5029076,"DEMO1_7","-",FALSE
"chr1",5091558,5591558,"DEMO1_8","+",FALSE
"chr1",5314110,5814110,"DEMO1_9","-",FALSE
"chr1",6384848,6884848,"DEMO1_10","+",FALSE
"chr1",8624287,9124287,"DEMO1_11","+",FALSE
"chr1",9966247,10466247,"DEMO1_12","+",TRUE
"chr1",11734563,12234563,"DEMO1_13","-",FALSE
"chr1",12355517,12855517,"DEMO1_14","-",FALSE
"chr1",12445464,12945464,"DEMO1_15","-",FALSE
"chr1",19159354,19659354,"DEMO1_16","-",FALSE
"chr1",26987272,27487272,"DEMO1_17","-",FALSE
"chr1",27969850,28469850,"DEMO1_18","+",FALSE
"chr1",29367256,29867256,"DEMO1_19","-",FALSE
"chr1",35652178,36152178,"DEMO1_20","-",FALSE
"chr1",38854146,39354146,"DEMO1_21","+",FALSE
"chr1",40144995,40644995,"DEMO1_22","-",FALSE
"chr1",40459511,40959511,"DEMO1_23","-",FALSE
"chr1",41660393,42160393,"DEMO1_24","+",FALSE
"chr1",42548814,43048814,"DEMO1_25","+",FALSE
"chr1",44304489,44804489,"DEMO1_26","-",FALSE
"chr1",52721686,53221686,"DEMO1_27","+",FALSE
"chr1",64363766,64863766,"DEMO1_28","+",FALSE
"chr1",69239108,69739108,"DEMO1_29","-",FALSE
"chr1",73070888,73570888,"DEMO1_30","-",FALSE
"chr1",78315894,78815894,"DEMO1_31","-",FALSE
"chr1",82997938,83497938,"DEMO1_32","+",FALSE
"chr1",84164083,84664083,"DEMO1_33","+",FALSE
"chr1",84683041,85183041,"DEMO1_34","-",FALSE
"chr1",84875338,85375338,"DEMO1_35","+",FALSE
"chr1",89311828,89811828,"DEMO1_36","-",TRUE
"chr1",91713279,92213279,"DEMO1_37","-",FALSE
"chr1",95927658,96427658,"DEMO1_38","+",FALSE
"chr1",100654999,101154999,"DEMO1_39","-",FALSE
"chr1",101733419,102233419,"DEMO1_40","-",FALSE
"chr1",105470869,105970869,"DEMO1_41","-",FALSE
"chr1",111077466,111577466,"DEMO1_42","-",FALSE
"chr1",111722151,112222151,"DEMO1_43","+",FALSE
"chr1",112205696,112705696,"DEMO1_44","-",FALSE
"chr1",114164567,114664567,"DEMO1_45","-",FALSE
"chr1",115402499,115902499,"DEMO1_46","+",FALSE
"chr1",116421959,116921959,"DEMO1_47","-",FALSE
"chr1",117212850,117712850,"DEMO1_48","+",FALSE
"chr2",1019592,1519592,"DEMO2_1","+",FALSE
"chr2",4772641,5272641,"DEMO2_2","+",FALSE
"chr2",5485791,5985791,"DEMO2_3","+",FALSE
"chr2",8209080,8709080,"DEMO2_4","-",FALSE
"chr2",10850869,11350869,"DEMO2_5","-",FALSE
"chr2",11874941,12374941,"DEMO2_6","+",FALSE
"chr2",12074651,12574651,"DEMO2_7","+",FALSE
"chr2",13921340,14421340,"DEMO2_8","-",FALSE
"chr2",17151697,17651697,"DEMO2_9","-",FALSE
"chr2",18397258,18897258,"DEMO2_10","-",FALSE
"chr2",19109949,19609949,"DEMO2_11","+",FALSE
"chr2",20747465,21247465,"DEMO2_12","+",TRUE
"chr2",22743967,23243967,"DEMO2_13","+",FALSE
"chr2",23092214,23592214,"DEMO2_14","+",FALSE
"chr2",25522060,26022060,"DEMO2_15","-",FALSE
"chr2",26575963,27075963,"DEMO2_16","+",FALSE
"chr2",33250643,33750643,"DEMO2_17","+",FALSE
"chr2",37399659,37899659,"DEMO2_18","-",FALSE
"chr2",38372308,38872308,"DEMO2_19","-",FALSE
"chr2",40625396,41125396,"DEMO2_20","+",FALSE
"chr2",43144362,43644362,"DEMO2_21","+",FALSE
"chr2",47134815,47634815,"DEMO2_22","+",FALSE
"chr2",49695201,50195201,"DEMO2_23","-",FALSE
"chr2",51075573,51575573,"DEMO2_24","+",FALSE
"chr2",58672274,59172274,"DEMO2_25","-",FALSE
"chr2",60381753,60881753,"DEMO2_26","-",FALSE
"chr2",62264358,62764358,"DEMO2_27","+",FALSE
"chr2",64711402,65211402,"DEMO2_28","-",FALSE
"chr2",66383230,66883230,"DEMO2_29","+",FALSE
"chr2",67969634,68469634,"DEMO2_30","-",FALSE
"chr2",71816855,72316855,"DEMO2_31","-",FALSE
"chr2",73777270,74277270,"DEMO2_32","+",FALSE
"chr2",76959994,77459994,"DEMO2_33","+",FALSE
"chr2",77990565,78490565,"DEMO2_34","+",FALSE
"chr2",79162475,79662475,"DEMO2_35","+",FALSE
"chr2",79711411,80211411,"DEMO2_36","+",TRUE
"chr2",84343983,84843983,"DEMO2_37","+",FALSE
"chr2",86380220,86880220,"DEMO2_38","+",FALSE
"chr2",88533978,89033978,"DEMO2_39","+",FALSE
"chr2",89958571,90458571,"DEMO2_40","-",FALSE
"chr2",91669520,92169520,"DEMO2_41","+",FALSE
"chr2",93674926,94174926,"DEMO2_42","+",FALSE
"chr2",94196635,94696635,"DEMO2_43","-",FALSE
"chr2",95521775,96021775,"DEMO2_44","-",FALSE
"chr2",98678706,99178706,"DEMO2_45","+",FALSE
"chr2",99911421,100411421,"DEMO2_46","-",FALSE
"chr2",100773504,101273504,"DEMO2_47","+",FALSE
"chr2",104315732,104815732,"DEMO2_48","+",FALSE
"chr3",2353678,2853678,"DEMO3_1","-",FALSE
"chr3",6931632,7431632,"DEMO3_2","-",FALSE
"chr3",12533854,13033854,"DEMO3_3","-",FALSE
"chr3",13286389,13786389,"DEMO3_4","+",FALSE
"chr3",16268784,16768784,"DEMO3_5","+",FALSE
"chr3",23119244,23619244,"DEMO3_6","-",FALSE
"chr3",23542875,24042875,"DEMO3_7","+",FALSE
"chr3",23911850,24411850,"DEMO3_8","+",FALSE
"chr3",23964787,24464787,"DEMO3_9","+",FALSE
"chr3",25688586,26188586,"DEMO3_10","-",FALSE
"chr3",26670143,27170143,"DEMO3_11","-",FALSE
"chr3",27751900,28251900,"DEMO3_12","+",TRUE
"chr3",29444277,29944277,"DEMO3_13","+",FALSE
"chr3",30569805,31069805,"DEMO3_14","+",FALSE
"chr3",31530396,32030396,"DEMO3_15","+",FALSE
"chr3",34022635,34522635,"DEMO3_16","+",FALSE
"chr3",34274317,34774317,"DEMO3_17","-",FALSE
"chr3",36595603,37095603,"DEMO3_18","-",FALSE
"chr3",38063801,38563801,"DEMO3_19","-",FALSE
"chr3",38812810,39312810,"DEMO3_20","+",FALSE
"chr3",39038195,39538195,"DEMO3_21","+",FALSE
"chr3",40296842,40796842,"DEMO3_22","+",FALSE
"chr3",41111205,41611205,"DEMO3_23","-",FALSE
"chr3",43206594,43706594,"DEMO3_24","-",FALSE
"chr3",48851936,49351936,"DEMO3_25","+",FALSE
"chr3",52073375,52573375,"DEMO3_26","+",FALSE
"chr3",55126946,55626946,"DEMO3_27","+",FALSE
"chr3",61681261,62181261,"DEMO3_28","-",FALSE
"chr3",64076843,64576843,"DEMO3_29","+",FALSE
"chr3",67990126,68490126,"DEMO3_30","-",FALSE
"chr3",69833116,70333116,"DEMO3_31","+",FALSE
"chr3",70625332,71125332,"DEMO3_32","+",FALSE
"chr3",70840820,71340820,"DEMO3_33","-",FALSE
"chr3",72420810,72920810,"DEMO3_34","-",FALSE
"chr3",73767870,74267870,"DEMO3_35","-",FALSE
"chr3",75683697,76183697,"DEMO3_36","-",TRUE
"chr3",79667341,80167341,"DEMO3_37","-",FALSE
"chr3",80344025,80844025,"DEMO3_38","-",FALSE
"chr3",80905325,81405325,"DEMO3_39","-",FALSE
"chr3",81196334,81696334,"DEMO3_40","+",FALSE
"chr3",81712729,82212729,"DEMO3_41","+",FALSE
"chr3",86751892,87251892,"DEMO3_42","-",FALSE
"chr3",88211768,88711768,"DEMO3_43","-",FALSE
"chr3",88597545,89097545,"DEMO3_44","+",FALSE
"chr3",88721057,89221057,"DEMO3_45","-",FALSE
"chr3",89143929,89643929,"DEMO3_46","-",FALSE
"chr3",92852349,93352349,"DEMO3_47","+",FALSE
"chr3",93475981,93975981,"DEMO3_48","-",FALSE
"chr4",232857,732857,"DEMO4_1","-",FALSE
"chr4",377299,877299,"DEMO4_2","+",FALSE
"chr4",2098654,2598654,"DEMO4_3","+",FALSE
"chr4",5435373,5935373,"DEMO4_4","-",FALSE
"chr4",6948581,7448581,"DEMO4_5","+",FALSE
"chr4",7740953,8240953,"DEMO4_6","+",FALSE
"chr4",15007699,15507699,"DEMO4_7","+",FALSE
"chr4",15264229,15764229,"DEMO4_8","-",FALSE
"chr4",15819586,16319586,"DEMO4_9","+",FALSE
"chr4",15852961,16352961,"DEMO4_10","-",FALSE
"chr4",16777743,17277743,"DEMO4_11","+",FALSE
"chr4",18608690,19108690,"DEMO4_12","-",TRUE
"chr4",19441998,19941998,"DEMO4_13","+",FALSE
"chr4",19788633,20288633,"DEMO4_14","-",FALSE
"chr4",19803659,20303659,"DEMO4_15","+",FALSE
"chr4",21106897,21606897,"DEMO4_16","+",FALSE
"chr4",22919499,23419499,"DEMO4_17","-",FALSE
"chr4",23991920,24491920,"DEMO4_18","+",FALSE
"chr4",26174520,26674520,"DEMO4_19","+",FALSE
"chr4",29870886,30370886,"DEMO4_20","+",FALSE
"chr4",31339772,31839772,"DEMO4_21","+",FALSE
"chr4",32590311,33090311,"DEMO4_22","-",FALSE
"chr4",32705612,33205612,"DEMO4_23","-",FALSE
"chr4",33363109,33863109,"DEMO4_24","+",FALSE
"chr4",33712988,34212988,"DEMO4_25","-",FALSE
"chr4",38386256,38886256,"DEMO4_26","-",FALSE
"chr4",38420775,38920775,"DEMO4_27","+",FALSE
"chr4",46739487,47239487,"DEMO4_28","+",FALSE
"chr4",48835379,49335379,"DEMO4_29","-",FALSE
"chr4",53482753,53982753,"DEMO4_30","+",FALSE
"chr4",54122185,54622185,"DEMO4_31","+",FALSE
"chr4",55050008,55550008,"DEMO4_32","-",FALSE
"chr4",58603521,59103521,"DEMO4_33","-",FALSE
"chr4",58741437,59241437,"DEMO4_34","-",FALSE
"chr4",59506092,60006092,"DEMO4_35","-",FALSE
"chr4",64880879,65380879,"DEMO4_36","-",TRUE
"chr4",65017470,65517470,"DEMO4_37","-",FALSE
"chr4",65881691,66381691,"DEMO4_38","-",FALSE
"chr4",66310743,66810743,"DEMO4_39","+",FALSE
"chr4",67839122,68339122,"DEMO4_40","-",FALSE
"chr4",68837023,69337023,"DEMO4_41","-",FALSE
"chr4",69434498,69934498,"DEMO4_42","+",FALSE
"chr4",70850700,71350700,"DEMO4_43","+",FALSE
"chr4",75288588,75788588,"DEMO4_44","-",FALSE
"chr4",78723215,79223215,"DEMO4_45","+",FALSE
"chr4",80066504,80566504,"DEMO4_46","+",FALSE
"chr4",80123427,80623427,"DEMO4_47","+",FALSE
"chr4",83376752,83876752,"DEMO4_48","-",FALSE
"chr5",378318,878318,"DEMO5_1","+",FALSE
"chr5",1578359,2078359,"DEMO5_2","-",FALSE
"chr5",4230698,4730698,"DEMO5_3","+",FALSE
"chr5",5981904,6481904,"DEMO5_4","-",FALSE
"chr5",6016562,6516562,"DEMO5_5","+",FALSE
"chr5",6643115,7143115,"DEMO5_6","+",FALSE
"chr5",8399064,8899064,"DEMO5_7","+",FALSE
"chr5",10249471,10749471,"DEMO5_8","+",FALSE
"chr5",13249354,13749354,"DEMO5_9","-",FALSE
"chr5",17475117,17975117,"DEMO5_10","+",FALSE
"chr5",20282881,20782881,"DEMO5_11","-",FALSE
"chr5",21467696,21967696,"DEMO5_12","+",TRUE
"chr5",29764364,30264364,"DEMO5_13","+",FALSE
"chr5",30375867,30875867,"DEMO5_14","-",FALSE
"chr5",30843238,31343238,"DEMO5_15","+",FALSE
"chr5",32482073,32982073,"DEMO5_16","-",FALSE
"chr5",33625882,34125882,"DEMO5_17","+",FALSE
"chr5",37807162,38307162,"DEMO5_18","+",FALSE
"chr5",38842343,39342343,"DEMO5_19","-",FALSE
"chr5",40644841,41144841,"DEMO5_20","-",FALSE
"chr5",41863149,42363149,"DEMO5_21","-",FALSE
"chr5",47113950,47613950,"DEMO5_22","+",FALSE
"chr5",50209525,50709525,"DEMO5_23","+",FALSE
"chr5",50610893,51110893,"DEMO5_24","-",FALSE
"chr5",51205595,51705595,"DEMO5_25","+",FALSE
"chr5",52366849,52866849,"DEMO5_26","+",FALSE
"chr5",54103230,54603230,"DEMO5_27","+",FALSE
"chr5",55431393,55931393,"DEMO5_28","-",FALSE
"chr5",55787651,56287651,"DEMO5_29","-",FALSE
"chr5",58108987,58608987,"DEMO5_30","-",FALSE
"chr5",58109699,58609699,"DEMO5_31","+",FALSE
"chr5",59502435,60002435,"DEMO5_32","-",FALSE
"chr5",60113204,60613204,"DEMO5_33","+",FALSE
"chr5",60743971,61243971,"DEMO5_34","+",FALSE
"chr5",60807383,61307383,"DEMO5_35","-",FALSE
"chr5",62341358,62841358,"DEMO5_36","+",TRUE
"chr5",62889660,63389660,"DEMO5_37","-",FALSE
"chr5",64190472,64690472,"DEMO5_38","+",FALSE
"chr5",64942528,65442528,"DEMO5_39","+",FALSE
"chr5",65374251,65874251,"DEMO5_40","+",FALSE
"chr5",65910232,66410232,"DEMO5_41","+",FALSE
"chr5",66238797,66738797,"DEMO5_42","-",FALSE
"chr5",67697572,68197572,"DEMO5_43","+",FALSE
"chr5",67933099,68433099,"DEMO5_44","-",FALSE
"chr5",70131035,70631035,"DEMO5_45","+",FALSE
"chr5",70264771,70764771,"DEMO5_46","-",FALSE
"chr5",71215967,71715967,"DEMO5_47","+",FALSE
"chr5",72638418,73138418,"DEMO5_48","-",FALSE
"chr6",724886,1224886,"DEMO6_1","-",FALSE
"chr6",967568,1467568,"DEMO6_2","+",FALSE
"chr6",3788197,4288197,"DEMO6_3","-",FALSE
"chr6",4582050,5082050,"DEMO6_4","-",FALSE
"chr6",7133342,7633342,"DEMO6_5","-",FALSE
"chr6",8277071,8777071,"DEMO6_6","+",FALSE
"chr6",9249596,9749596,"DEMO6_7","+",FALSE
"chr6",10164523,10664523,"DEMO6_8","-",FALSE
"chr6",10944215,11444215,"DEMO6_9","+",FALSE
"chr6",14811768,15311768,"DEMO6_10","-",FALSE
"chr6",17672396,18172396,"DEMO6_11","+",FALSE
"chr6",18228886,18728886,"DEMO6_12","+",TRUE
"chr6",18561464,19061464,"DEMO6_13","+",FALSE
"chr6",21205581,21705581,"DEMO6_14","-",FALSE
"chr6",21769436,22269436,"DEMO6_15","+",FALSE
"chr6",22428044,22928044,"DEMO6_16","+",FALSE
"chr6",22903687,23403687,"DEMO6_17","+",FALSE
"chr6",22998615,23498615,"DEMO6_18","-",FALSE
"chr6",23079295,23579295,"DEMO6_19","-",FALSE
"chr6",25085705,25585705,"DEMO6_20","-",FALSE
"chr6",30515149,31015149,"DEMO6_21","+",FALSE
"chr6",36470605,36970605,"DEMO6_22","+",FALSE
"chr6",36764100,37264100,"DEMO6_23","-",FALSE
"chr6",41833294,42333294,"DEMO6_24","+",FALSE
"chr6",42260324,42760324,"DEMO6_25","+",FALSE
"chr6",42485695,42985695,"DEMO6_26","+",FALSE
"chr6",42504886,43004886,"DEMO6_27","+",FALSE
"chr6",44121503,44621503,"DEMO6_28","-",FALSE
"chr6",44783546,45283546,"DEMO6_29","+",FALSE
"chr6",45265100,45765100,"DEMO6_30","-",FALSE
"chr6",45383989,45883989,"DEMO6_31","-",FALSE
"chr6",45986441,46486441,"DEMO6_32","+",FALSE
"chr6",47292158,47792158,"DEMO6_33","-",FALSE
"chr6",49376971,49876971,"DEMO6_34","-",FALSE
"chr6",49794230,50294230,"DEMO6_35","+",FALSE
"chr6",50169961,50669961,"DEMO6_36","+",TRUE
"chr6",50303984,50803984,"DEMO6_37","-",FALSE
"chr6",51592929,52092929,"DEMO6_38","-",FALSE
"chr6",51912425,52412425,"DEMO6_39","+",FALSE
"chr6",52209947,52709947,"DEMO6_40","+",FALSE
"chr6",53181140,53681140,"DEMO6_41","+",FALSE
"chr6",57071620,57571620,"DEMO6_42","+",FALSE
"chr6",59639628,60139628,"DEMO6_43","+",FALSE
"chr6",61129458,61629458,"DEMO6_44","+",FALSE
"chr6",61570856,62070856,"DEMO6_45","-",FALSE
"chr6",62279134,62779134,"DEMO6_46","-",FALSE
"chr6",62636506,63136506,"DEMO6_47","-",FALSE
"chr6",63795355,64295355,"DEMO6_48","-",FALSE
